TABLA_lab;KOZIG;BLOKK;HRSZ;TER;MINTA_JELE;PH_KCL;KA;SO;MESZ;HUMUSZ;S;NO3;P2O5;K2O;NA;MG;ZN;CU;MN
33;Nagycenk;C9 + K10NWE15;Nagycenk 050/2;18,065;TVG1;6,07;39;0,02;0,66944;2,08816858;44,05313474;14,904;261,749;333;34,2;157,1;3,6;2,35;259
33;Nagycenk;C9 + K10NWE15;Nagycenk 050/2;;TVG2;5,87;37;0,02;1,00416;1,877242461;23,72091871;17,325;263,117;268;31,9;154,8;2,84;2,9;290
33;Nagycenk;C9 + K10NWE15;Nagycenk 050/2;;TVG3;6,61;41;0,02;1,33888;3,005697199;22,59135115;7,134;263,679;322;34,3;138,7;3,8;4,06;271
33;Nagycenk;C9 + K10NWE15;Nagycenk 050/2;;TVG4;6,7;40;0,02;1,33888;3,216623318;40,66443207;26,79;304,177;462;43,4;151,1;3,49;4,31;217
34;Kapuvár;M2 + K1V24W15;Kapuvár 0402/1;66,7168;TVG1;6,85;55;0,07;3,3472;5,568449547;55,9135941;43,64;148,99;611;78,8;532,6;5,45;1,82;28
34;Kapuvár;M2 + K1V24W15;Kapuvár 0402/1;;TVG2;6,81;60;0,09;3,3472;5,76882936;68,33883723;68,31;266,141;635;78,9;603,6;5,67;2,68;24
34;Kapuvár;M2 + K1V24W15;Kapuvár 0402/1;;TVG3;6,67;63;0,09;2,67776;5,800468278;71,16275612;59,13;145,562;602;79,3;612,3;6,49;4,02;20
34;Kapuvár;M2 + K1V24W15;Kapuvár 0402/1;;TVG4;6,71;60;0,1;3,68192;5,76882936;58,73751299;57,09;153,015;680;83,8;540,9;5,51;3,85;21
34;Kapuvár;M2 + K1V24W15;Kapuvár 0402/1;;TVG5;6,3;63;0,05;0,1;6,095764845;45,1827023;27,646;263,411;585;83,5;609,3;8,37;8,99;43
34;Kapuvár;M2 + K1V24W15;Kapuvár 0402/1;;TVG6;5,31;63;0,06;0,1;6,296144658;33,88702672;27,005;161,543;440;106,4;585,7;8,59;9,52;36
34;Kapuvár;M2 + K1V24W15;Kapuvár 0402/1;;TVG7;5,23;65;0,05;0,1;7,456238314;36,14616184;12,292;152,911;815;165,7;555,2;13,43;9,48;42
34;Kapuvár;M2 + K1V24W15;Kapuvár 0402/1;;TVG8;5,5;61;0,03;0,1;6,201227904;32,75745917;15,527;147,616;766;126,2;557,7;8,85;9,37;25
34;Kapuvár;M2 + K1V24W15;Kapuvár 0402/1;;TVG9;5,23;63;0,07;0,1;6,623080143;31,06310783;30,21;147,102;677;74,9;620,6;9,12;9,33;19
34;Kapuvár;M2 + K1V24W15;Kapuvár 0402/1;;TVG10;5,4;64;0,07;0,1;6,159042681;39,53486451;35,07;146,882;611;67,4;632,9;8,45;9,37;24
34;Kapuvár;M2 + K1V24W15;Kapuvár 0402/1;;TVG11;4,72;67;0,09;0,1;6,76018212;32,75745917;69,97;266,064;571;46,1;611,4;7,3;8,8;17
34;Kapuvár;M2 + K1V24W15;Kapuvár 0402/1;;TVG12;5,16;67;0,07;0,1;6,675811673;41,79399963;52,14;166,02;585;31,4;618,6;7,16;8,67;12
34;Kapuvár;M2 + K1V24W15;Kapuvár 0402/1;;TVG13;6,08;62;0,06;0,1;6,338329882;49,13618875;29,94;145,717;364;31,7;601,6;4,31;6,86;19
34;Kapuvár;M2 + K1V24W15;Kapuvár 0402/1;;TVG14;6,62;61;0,09;2,00832;5,895385032;71,83411796;44,83;141,599;337;36,2;443,7;3,84;3,67;21
35;Kapuvár;M10 + K1XF4D15;Kapuvár 0363;108,3138;TVG1;4,76;54;0,09;0,1;5,811014584;35,35585494;45,235;150,368;529;50,4;536,5;5,6;9,48;26
35;Kapuvár;M10 + K1XF4D15;Kapuvár 0363;;TVG2;5,18;55;0,1;0,1;5,737190442;45,45752777;59,14;144,439;559;63,5;617,9;5,95;8,77;31
35;Kapuvár;M10 + K1XF4D15;Kapuvár 0363;;TVG3;4,88;55;0,07;0,1;5,884838726;30,30501852;36,815;267,338;390;29,3;534,4;5,76;9,62;30
35;Kapuvár;M10 + K1XF4D15;Kapuvár 0363;;TVG4;5,1;60;0,07;0,1;5,832107196;30,86622256;69,445;95,022;386;40,4;584;5,5;9,11;50
35;Kapuvár;M10 + K1XF4D15;Kapuvár 0363;;TVG5;6,1;60;0,09;0,1;5,87429242;48,82475205;43,59;220,465;371;33,4;635,4;5,18;9,08;36
35;Kapuvár;M10 + K1XF4D15;Kapuvár 0363;;TVG6;6,06;65;0,13;0,1;5,82156089;49,94716015;75,38;260,729;566;65,7;654,1;6,29;9,68;54
35;Kapuvár;M10 + K1XF4D15;Kapuvár 0363;;TVG7;6,01;62;0,17;1,00416;5,789921972;41,52909945;115,37;171,158;562;79,6;642,3;7,02;9,55;81
35;Kapuvár;M10 + K1XF4D15;Kapuvár 0363;;TVG8;6,23;64;0,17;0,33472;5,779375666;60,04883299;147,67;148,465;639;78,4;633,3;7,03;8,17;45
35;Kapuvár;M10 + K1XF4D15;Kapuvár 0363;;TVG9;6,7;56;0,21;1,33888;5,789921972;94,28227983;215,37;140,037;927;78,9;469,5;5,3;4,28;21
35;Kapuvár;M10 + K1XF4D15;Kapuvár 0363;;TVG10;6,39;57;0,14;0,66944;5,009495331;70,71170987;140,2;121,077;601;62,2;530,9;6,61;8,42;24
35;Kapuvár;M10 + K1XF4D15;Kapuvár 0363;;TVG11;4,86;67;0,12;0,1;5,71609783;45,45752777;48,665;82,05;441;55,9;521,9;6,24;8,37;117
35;Kapuvár;M10 + K1XF4D15;Kapuvár 0363;;TVG12;4,52;60;0,14;0,1;6,021940703;41,52909945;119,55;94,945;795;84,6;465;7,41;8,42;34
35;Kapuvár;M10 + K1XF4D15;Kapuvár 0363;;TVG13;5,02;61;0,15;0,1;5,969209173;47,14113991;146,21;168,316;812;86,1;521,4;7,58;7,06;31
35;Kapuvár;M10 + K1XF4D15;Kapuvár 0363;;TVG14;5,5;61;0,16;0,1;6,021940703;51,06956824;110,19;222,756;834;77,4;420;7,31;6,83;29
35;Kapuvár;M10 + K1XF4D15;Kapuvár 0363;;TVG15;6,62;63;0,15;1,00416;6,043033315;112,8020134;132,65;264,66;807;81,6;591,7;5,69;6,18;26
35;Kapuvár;M10 + K1XF4D15;Kapuvár 0363;;TVG16;5,71;60;0,19;0,1;5,842653502;70,15050582;192,86;114,02;800;58,7;662,8;7,91;7,91;27
35;Kapuvár;M10 + K1XF4D15;Kapuvár 0363;;TVG17;5,76;57;0,09;0,1;5,884838726;56,68160871;49,015;173,456;317;27,2;561,1;4,74;7,27;27
35;Kapuvár;M10 + K1XF4D15;Kapuvár 0363;;TVG18;5,55;63;0,09;0,1;5,884838726;53,87558847;55,71;142,717;361;35,1;530,8;5,13;9,31;55
35;Kapuvár;M10 + K1XF4D15;Kapuvár 0363;;TVG19;5,52;63;0,09;0,33472;5,884838726;55,55920061;46,645;143,253;453;36,3;578,9;6,47;8,39;37
35;Kapuvár;M10 + K1XF4D15;Kapuvár 0363;;TVG20;6,74;54;0,1;1,6736;5,737190442;92,59866769;24,41;143,944;492;57,6;350;2,93;3,79;50
35;Kapuvár;M10 + K1XF4D15;Kapuvár 0363;;TVG21;6;62;0,09;0,1;5,895385032;76,32375034;37,51;147,888;552;52,3;575,2;5,83;8,28;41
35;Kapuvár;M10 + K1XF4D15;Kapuvár 0363;;TVG22;6,7;58;0,12;1,33888;5,452440181;115,0468296;58,595;263,583;609;46,4;374,9;3,51;6,24;78
36;Kapuvár;M11 + K1YN4M15;Kapuvár 0266, 0260/3, 0264, 0262;82,5931;TVG1;4,66;60;0,06;0,66944;4,721256092;19,08093758;8,585;94,992;485;39,9;543;2,62;12,3;108
36;Kapuvár;M11 + K1YN4M15;Kapuvár 0266, 0260/3, 0264, 0262;;TVG2;5,96;67;0,09;1,33888;4,721256092;21,88695782;15,505;71,159;376;40,8;545;3,14;16,04;152
36;Kapuvár;M11 + K1YN4M15;Kapuvár 0266, 0260/3, 0264, 0262;;TVG3;5,97;68;0,09;1,33888;5,338804357;23,00936591;13,621;69,518;430;39,6;558,1;3,18;15,56;137
36;Kapuvár;M11 + K1YN4M15;Kapuvár 0266, 0260/3, 0264, 0262;;TVG4;5,64;69;0,09;1,6736;5,687420313;22,44816186;18,041;123,829;567;36,7;544,5;3,65;18,09;168
36;Kapuvár;M11 + K1YN4M15;Kapuvár 0266, 0260/3, 0264, 0262;;TVG5;5,17;67;0,03;1,33888;5,687420313;22,44816186;22,027;95,968;717;44,3;497,9;3,99;16,03;170
36;Kapuvár;M11 + K1YN4M15;Kapuvár 0266, 0260/3, 0264, 0262;;TVG6;4,56;68;0,07;1,00416;5,677459857;35,35585494;27,324;130,07;569;43,2;462,7;4,22;18,9;149
36;Kapuvár;M11 + K1YN4M15;Kapuvár 0266, 0260/3, 0264, 0262;;TVG7;4,81;71;0,09;1,6736;5,468290284;26,93779424;23,64;107,773;629;43,2;475,1;4,58;15,87;137
36;Kapuvár;M11 + K1YN4M15;Kapuvár 0266, 0260/3, 0264, 0262;;TVG8;4,98;70;0,09;1,6736;5,538013475;35,35585494;25,13;103,496;519;43,2;457,7;4,56;14,48;160
36;Kapuvár;M11 + K1YN4M15;Kapuvár 0266, 0260/3, 0264, 0262;;TVG9;5,02;71;0,09;1,33888;5,627657578;26,93779424;20,17;100,301;508;49,3;472,7;4,43;19,36;209
36;Kapuvár;M11 + K1YN4M15;Kapuvár 0266, 0260/3, 0264, 0262;;TVG10;5,01;68;0,11;1,6736;5,64757849;48,26354801;78,16;99,084;650;47;459,6;3,61;16,05;151
36;Kapuvár;M11 + K1YN4M15;Kapuvár 0266, 0260/3, 0264, 0262;;TVG11;5,09;70;0,12;1,6736;5,926471255;88,10903531;52,01;110,024;991;53,1;497,7;5,08;20,24;231
36;Kapuvár;M11 + K1YN4M15;Kapuvár 0266, 0260/3, 0264, 0262;;TVG12;4,66;71;0,12;1,00416;5,787024872;144,790644;64,215;96,318;782;51,4;481,2;4,88;19,91;167
36;Kapuvár;M11 + K1YN4M15;Kapuvár 0266, 0260/3, 0264, 0262;;TVG13;4,73;73;0,07;1,6736;5,916510799;78,56856652;20,149;96,572;978;46;447;7,1;19,85;191
36;Kapuvár;M11 + K1YN4M15;Kapuvár 0266, 0260/3, 0264, 0262;;TVG14;4,69;67;0,09;1,00416;5,637618034;27,49899828;78,87;71,276;512;42,3;438,5;4,45;16,55;175
36;Kapuvár;M11 + K1YN4M15;Kapuvár 0266, 0260/3, 0264, 0262;;TVG15;4,78;71;0,14;1,6736;5,717301681;35,91705898;188,28;70,973;836;45,8;432,4;5,26;16,47;171
36;Kapuvár;M11 + K1YN4M15;Kapuvár 0266, 0260/3, 0264, 0262;;TVG16;4,67;73;0,14;1,33888;6,15556174;168,361214;120,72;126,542;1064;55,6;460,6;7,09;19;167
36;Kapuvár;M11 + K1YN4M15;Kapuvár 0266, 0260/3, 0264, 0262;;TVG17;5,08;72;0,13;1,6736;5,76710396;65,66087345;142,93;97,884;1063;43,7;434,6;5,49;18,09;154
37;Nagycenk;C6 + K2MVWA15;Nagycenk;23,853;TVG1;5,78;30;0,02;1,33888;1,205215163;16,27491735;15,272;205,178;347;9,3;116,6;1,58;4,04;428
37;Nagycenk;C6 + K2MVWA15;Nagycenk;;TVG2;4,42;31;0,02;0,66944;1,643475222;14,03010116;9,718;230,598;391;11,2;166,8;1,4;4,66;419
37;Nagycenk;C6 + K2MVWA15;Nagycenk;;TVG3;5,1;32;0,02;0,33472;1,802842516;10,10167284;6,806;213,063;335;11,9;280,1;1,8;6,62;418
37;Nagycenk;C6 + K2MVWA15;Nagycenk;;TVG4;5,54;36;0,02;0,1;1,494068384;10,66287689;5,679;215,94;394;7,2;173,2;1,56;4,87;423
37;Nagycenk;C6 + K2MVWA15;Nagycenk;;TVG5;6,26;30;0,02;0,1;1,444266104;14,03010116;8,185;220,463;440;10,9;147,9;2,61;5,98;435
38;Nagycenk;C8 + K2Q8WT15;Nagycenk;8,7967;TVG1;5,78;30;0,02;0,1;1,444266104;12,34648902;9,296;177,074;247;4,8;175,3;1,72;4,96;448
38;Nagycenk;C8 + K2Q8WT15;Nagycenk;;TVG2;6,53;32;0,05;0,33352;2,35066759;30,83123446;34,68;188,363;324;21,4;218,5;1,63;7,27;428
39;Kapuvár;M9 + K2QF4715;Kapuvár 0373/2;34,297;TVG1;6,55;68;0,17;1,33408;5,109713872;114,2881967;195,68;165,989;656;59,5;457,1;2,57;9,78;79
39;Kapuvár;M9 + K2QF4715;Kapuvár 0373/2;;TVG2;4,91;68;0,16;0,33352;5,239199798;160,0034754;150,62;51,308;565;57,3;458,1;3,99;21,49;204
39;Kapuvár;M9 + K2QF4715;Kapuvár 0373/2;;TVG3;5,09;75;0,25;0,66704;5,498171651;327,9805458;426,52;271,699;990;123,7;530,5;9,51;20,56;116
39;Kapuvár;M9 + K2QF4715;Kapuvár 0373/2;;TVG4;4,45;60;0,07;0,1;5,896589887;65,38347997;103,83;170,653;544;52,6;393,2;3,89;17,85;67
39;Kapuvár;M9 + K2QF4715;Kapuvár 0373/2;;TVG5;5,16;62;0,14;0,1;5,488211195;53,15730078;150,38;164,252;713;60,3;515,8;3,41;19,33;134
39;Kapuvár;M9 + K2QF4715;Kapuvár 0373/2;;TVG6;5,7;70;0,17;0,1;5,308922989;66,44662598;132,46;150,293;785;60,2;536,2;3,58;19,14;203
39;Kapuvár;M9 + K2QF4715;Kapuvár 0373/2;;TVG7;6,64;67;0,14;0,1;5,289002078;85,58325426;78,19;166,567;837;44,4;433,4;3,96;16,62;170
40;Kapuvár;M1 + K3RN4H15;Kapuvár 0341;45,6139;TVG1;5,96;63;0,11;0,1;5,010109313;52,09415477;451,66;52,39;700;34,7;422,6;4,71;13,89;171
40;Kapuvár;M1 + K3RN4H15;Kapuvár 0341;;TVG2;5,01;64;0,09;0,1;4,70133518;28,17336942;48,485;91,092;706;41,3;461,5;4,39;16,14;218
40;Kapuvár;M1 + K3RN4H15;Kapuvár 0341;;TVG3;4,82;61;0,06;0,1;4,591770165;60,59932289;27,33;96,024;688;47;435,3;2,94;15,28;169
40;Kapuvár;M1 + K3RN4H15;Kapuvár 0341;;TVG4;4,83;59;0,06;0,1;3,625605944;35,08381852;24,225;69,301;626;41,9;408;2,85;13,16;212
40;Kapuvár;M1 + K3RN4H15;Kapuvár 0341;;TVG5;5,02;61;0,09;0,1;4,3128774;32,42595348;33,585;96,693;608;43,4;419,7;0,95;15,5;250
40;Kapuvár;M1 + K3RN4H15;Kapuvár 0341;;TVG6;4,42;60;0,07;0,1;3,237148164;24,98393137;47,12;109,104;651;35,9;418;2,02;9,27;204
40;Kapuvár;M1 + K3RN4H15;Kapuvár 0341;;TVG7;4,26;55;0,07;0,33352;2,808848561;21,79449332;34,72;76,506;616;40,8;388;2,89;6,49;186
40;Kapuvár;M1 + K3RN4H15;Kapuvár 0341;;TVG8;4,22;56;0,07;0,66704;3,087741326;22,85763934;35,445;58,056;667;38,1;414,3;2,17;6,39;193
40;Kapuvár;M1 + K3RN4H15;Kapuvár 0341;;TVG9;5,11;60;0,11;0,1;4,02402418;31,36280746;41,544;108,613;655;37,7;496,7;3,75;9,43;340
40;Kapuvár;M1 + K3RN4H15;Kapuvár 0341;;TVG10;5,98;61;0,1;0,66704;4,561888798;35,08381852;26,559;98,254;747;41,1;450,4;2,82;9,15;307
41;Kapuvár;M4 + K3TV4Q15;Kapuvár 0345;77,9084;TVG1;4,49;69;0,07;1,00056;4,053905547;29,76808844;15,8;122,31;664;45,5;507,7;3,27;7,83;232
41;Kapuvár;M4 + K3TV4Q15;Kapuvár 0345;;TVG2;3,93;66;0,07;0,33352;3,794933694;22,32606633;22,993;96,192;624;46,8;492;2,39;7,36;194
41;Kapuvár;M4 + K3TV4Q15;Kapuvár 0345;;TVG3;3,86;66;0,09;0,66704;4,073826459;18,60505527;43,405;103,281;811;62,3;477,6;2,6;7,76;110
41;Kapuvár;M4 + K3TV4Q15;Kapuvár 0345;;TVG4;4,66;66;0,12;0,66704;4,213272841;28,70494242;35,435;128,838;800;61,3;519;3,13;8,65;127
41;Kapuvár;M4 + K3TV4Q15;Kapuvár 0345;;TVG5;4,79;67;0,1;0,1;4,223233297;30,83123446;34,63;97,168;745;53,5;531;5,33;8,85;156
41;Kapuvár;M4 + K3TV4Q15;Kapuvár 0345;;TVG6;6,16;68;0,12;1,33408;4,810900195;49,96786274;45,375;109,209;780;61,8;544,8;1,87;6,93;55
41;Kapuvár;M4 + K3TV4Q15;Kapuvár 0345;;TVG7;6,72;70;0,17;1,6676;5,408527548;123,8565108;100,63;109,917;869;106,2;484;2,67;8,57;332
41;Kapuvár;M4 + K3TV4Q15;Kapuvár 0345;;TVG8;6,63;68;0,07;0,66704;5,508132107;115,3513427;79,87;101,114;1155;67,8;530,2;4,18;8,51;86
41;Kapuvár;M4 + K3TV4Q15;Kapuvár 0345;;TVG9;6,84;63;0,15;3,66872;4,960307033;131,8301059;211,26;106,899;740;57,6;421,7;0,94;5,73;50
41;Kapuvár;M4 + K3TV4Q15;Kapuvár 0345;;TVG10;6,99;71;0,17;3,3352;5,47825074;120,6670728;78,835;98,426;805;68,3;483,7;0,91;9,41;44
41;Kapuvár;M4 + K3TV4Q15;Kapuvár 0345;;TVG11;6,89;66;0,15;2,33464;5,518092563;130,2353869;69,97;110,46;801;69,5;407,9;2,12;9,83;35
41;Kapuvár;M4 + K3TV4Q15;Kapuvár 0345;;TVG12;6,9;69;0,15;3,00168;5,418488004;120,6670728;62,41;104,038;605;103,8;312,3;2,42;9,34;39
41;Kapuvár;M4 + K3TV4Q15;Kapuvár 0345;;TVG13;6,91;64;0,12;1,00056;5,488211195;105,14873;31,615;111,998;1078;106,2;431,9;3,11;9,22;34
41;Kapuvár;M4 + K3TV4Q15;Kapuvár 0345;;TVG14;6,88;65;0,13;3,3352;5,298962533;103,571499;47,475;110,625;848;69,2;411,1;2,48;8,35;186
41;Kapuvár;M4 + K3TV4Q15;Kapuvár 0345;;TVG15;6,52;69;0,14;1,33408;5,249160254;60,98626338;47,125;104,001;549;58,4;471,6;4,55;16,52;151
41;Kapuvár;M4 + K3TV4Q15;Kapuvár 0345;;TVG16;6,24;67;0,13;0,66704;5,836827152;55,72882688;39,46;135,079;386;59,2;499,6;3,74;9,46;48
42;Kapuvár;M12 + K3W84A18;Kapuvár 0352/12;5,5693;TVG1;6,71;64;0,06;1,00056;5,667499401;59,93477608;17,747;269,145;341;27,1;483,2;2,11;9,27;40
42;Kapuvár;M12 + K3W84A18;Kapuvár 0352/12;;TVG2;6,71;61;0,09;1,6676;5,657538946;71,50113637;19,318;170,644;497;32;428,8;2,02;7,12;45
44;Kapuvár;M7 + K8DV4H15;Kapuvár 0410/2, 0414/1;67,9538;TVG1;5,04;60;0,06;0,33352;5,76710396;46,26544118;16,237;68,576;430;34,6;401,7;4,7;12,78;33
44;Kapuvár;M7 + K8DV4H15;Kapuvár 0410/2, 0414/1;;TVG2;4,61;56;0,02;0,1;6,314929034;42,58523563;12,383;138,708;494;49,1;425,4;5,55;13,19;24
44;Kapuvár;M7 + K8DV4H15;Kapuvár 0410/2, 0414/1;;TVG3;4,73;59;0,04;0,66704;6,235245387;51,52287768;11,042;185,667;796;123,8;435,4;6,4;13,3;26
44;Kapuvár;M7 + K8DV4H15;Kapuvár 0410/2, 0414/1;;TVG4;4,93;58;0,06;0,1;6,145601284;44,16246658;24,741;174,539;357;51,8;425,7;5,43;12,04;27
44;Kapuvár;M7 + K8DV4H15;Kapuvár 0410/2, 0414/1;;TVG5;4,73;63;0,07;0,1;5,348764813;48,36841578;45,045;240,742;666;46,8;426,1;7,85;10,23;45
44;Kapuvár;M7 + K8DV4H15;Kapuvár 0410/2, 0414/1;;TVG6;4,59;57;0,05;0,1;5,946392166;47,84267213;20,238;173,499;419;44,2;415,1;7,95;13,26;39
44;Kapuvár;M7 + K8DV4H15;Kapuvár 0410/2, 0414/1;;TVG7;4,63;63;0,06;0,33352;6,175482652;54,15159593;25,295;86,178;465;49,4;460,6;9,36;11,77;28
44;Kapuvár;M7 + K8DV4H15;Kapuvár 0410/2, 0414/1;;TVG8;4,65;64;0,05;0,66704;6,125680372;52,57436498;19,816;143,992;481;53,5;477,4;8,28;11,46;26
44;Kapuvár;M7 + K8DV4H15;Kapuvár 0410/2, 0414/1;;TVG9;5,35;65;0,07;0,33352;5,249160254;57,30605783;28,205;94,466;628;52,2;471,6;8,74;8,96;31
44;Kapuvár;M7 + K8DV4H15;Kapuvár 0410/2, 0414/1;;TVG10;5,4;67;0,05;0,66704;5,966313078;53,62585228;24,225;175,962;483;60;484,4;7,78;12,95;33
44;Kapuvár;M7 + K8DV4H15;Kapuvár 0410/2, 0414/1;;TVG11;6,02;72;0,09;1,00056;5,98623399;79,91303477;43,325;186,014;584;59,7;531,2;6,02;9,59;60
44;Kapuvár;M7 + K8DV4H15;Kapuvár 0410/2, 0414/1;;TVG12;4,91;69;0,04;0,66704;5,438408916;71,50113637;40,195;273,023;606;52,7;459,5;8,39;14,29;29
44;Kapuvár;M7 + K8DV4H15;Kapuvár 0410/2, 0414/1;;TVG13;5,51;69;0,06;0,6648;5,627225203;53,21587632;39,63;212,474;624;55,6;465,1;4,6;10,79;29
44;Kapuvár;M7 + K8DV4H15;Kapuvár 0410/2, 0414/1;;TVG14;6,69;68;0,07;2,3268;5,267627047;122,9648404;44,46;301,978;926;51,4;390,2;2,7;8,11;37
45;Kapuvár;M6 + K8LV4P15;Kapuvár 0367;7,1805;TVG1;6,97;55;0,09;3,324;5,287064785;94,0319368;93,605;280,639;576;34,6;403,4;2,64;4,37;47
45;Kapuvár;M6 + K8LV4P15;Kapuvár 0367;;TVG2;6,21;59;0,07;0,9972;5,374534607;66,13235116;30,69;242,329;667;35,1;475,7;4,98;9,38;33
46;Kapuvár;M7 + K8XF4M15;Kapuvár 0410/2, 0414/1;0,5;TVG1;7,13;47;0,07;1,662;5,442566691;135,8813153;270,68;285,546;441;50,5;302,5;2,76;2,73;35
47;Kapuvár;M5 + K8YN4V15;Kapuvár 0414/3;90,5461;TVG1;7,01;50;0,07;7,9776;5,471723298;170,4974678;91,71;566,575;821;26,2;354,3;6,03;4,27;49
47;Kapuvár;M5 + K8YN4V15;Kapuvár 0414/3;;TVG2;6,96;51;0,12;3,6564;5,462004429;156,547675;237,73;382,642;531;26,1;385,5;4,37;4,7;42
47;Kapuvár;M5 + K8YN4V15;Kapuvár 0414/3;;TVG3;6,85;56;0,1;0,9972;5,675819549;158,097652;98,06;484,133;626;27,6;422;5,54;5,67;41
47;Kapuvár;M5 + K8YN4V15;Kapuvár 0414/3;;TVG4;6,94;51;0,09;3,9888;5,355096869;176,6973757;133,45;344,592;486;31,3;367,7;3,55;5,43;41
47;Kapuvár;M5 + K8YN4V15;Kapuvár 0414/3;;TVG5;6,53;56;0,12;0,9972;5,568911989;122,4481814;133,11;366,51;494;30,9;469,8;5,69;9,38;31
47;Kapuvár;M5 + K8YN4V15;Kapuvár 0414/3;;TVG6;6,92;53;0,12;0,6648;5,45228556;159,647629;232,19;403,502;632;25,5;399,6;3,65;4,92;43
47;Kapuvár;M5 + K8YN4V15;Kapuvár 0414/3;;TVG7;7,01;46;0,05;6,3156;5,325940261;145,6978361;51,73;223,161;454;28,3;311,5;2,06;3,19;36
47;Kapuvár;M5 + K8YN4V15;Kapuvár 0414/3;;TVG8;6,64;55;0,13;0,9972;5,413410083;122,4481814;151,22;552,455;830;69,9;483,7;6,81;12,62;57
47;Kapuvár;M5 + K8YN4V15;Kapuvár 0414/3;;TVG9;4,54;60;0,07;0,6648;5,432847821;39,78274249;79,65;177,741;591;55,8;481,8;4,55;15,54;33
47;Kapuvár;M5 + K8YN4V15;Kapuvár 0414/3;;TVG10;4,46;62;0,07;0,6648;5,423128952;35,64947055;108,07;208,598;871;66,5;485,1;5,64;16,11;34
47;Kapuvár;M5 + K8YN4V15;Kapuvár 0414/3;;TVG11;4,7;63;0,07;0,3324;5,500879905;47,0159684;146,48;216,73;894;68,8;478,2;6,01;15,37;24
47;Kapuvár;M5 + K8YN4V15;Kapuvár 0414/3;;TVG12;4,82;60;0,09;0,6648;5,471723298;39,78274249;59,155;194,905;919;48;489;5,53;13,62;24
47;Kapuvár;M5 + K8YN4V15;Kapuvár 0414/3;;TVG13;4,53;61;0,11;0,6648;5,588349727;48,04928639;127,41;206,74;975;68,9;404,7;7,05;15,14;39
47;Kapuvár;M5 + K8YN4V15;Kapuvár 0414/3;;TVG14;5,68;60;0,07;0,1;5,510598774;60,96576122;187,78;230,129;662;66,1;422,3;3,93;13,73;54
47;Kapuvár;M5 + K8YN4V15;Kapuvár 0414/3;;TVG15;4,59;62;0,13;0,1;5,957666752;52,69921733;136,26;209,385;933;87,4;471,8;8,02;13,61;32
47;Kapuvár;M5 + K8YN4V15;Kapuvár 0414/3;;TVG16;4,78;65;0,09;0,1;5,860478061;50,63258135;68,385;222,372;781;48,4;462,4;6,93;15,37;33
47;Kapuvár;M5 + K8YN4V15;Kapuvár 0414/3;;TVG17;5,29;65;0,07;0,1;5,743851632;50,11592236;62,115;231,658;863;59,2;480,2;4,86;14,35;41
47;Kapuvár;M5 + K8YN4V15;Kapuvár 0414/3;;TVG18;5,37;66;0,1;0,1;5,481442167;52,69921733;78,89;355,158;1148;55,7;537,3;7,2;13,52;41
48;Nagycenk;C10 + K932W918;Nagycenk 056/3;24,5074;TVG1;5,96;38;0,05;0,1;1,564737924;22,73299571;14,766;108,909;413;10,3;296,5;1,39;4;379
48;Nagycenk;C10 + K932W918;Nagycenk 056/3;;TVG2;6,01;38;0,07;0,1;1,506424709;19,63304175;20,387;161,628;463;16,2;269,2;1,31;4,11;385
48;Nagycenk;C10 + K932W918;Nagycenk 056/3;;TVG3;6,2;37;0,06;0,1;1,555019054;21,69967772;19,381;187,67;440;11;253,4;1,41;4,08;375
48;Nagycenk;C10 + K932W918;Nagycenk 056/3;;TVG4;6,1;37;0,06;0,1;1,321766196;27,38292665;15,966;139,409;397;9;245,3;1,39;3,61;378
48;Nagycenk;C10 + K932W918;Nagycenk 056/3;;TVG5;6,63;38;0,07;0,1;1,525862447;21,69967772;17,21;147,544;407;9;273,2;1,37;3,44;371
49;Kapuvár;M8 + KECN4E15;Kapuvár;2,7533;TVG1;6,74;58;0,11;3,6564;4,130519363;50,11592236;77,455;363,382;572;21,4;335,3;2,23;6,79;59
50;Kapuvár;M3 + KFQF4M15;Kapuvár 0406/10;27,5686;TVG1;5,18;70;0,07;0,1;6,084012051;56,83248928;210,5;254,252;636;52,3;468,2;9,69;9,11;28
50;Kapuvár;M3 + KFQF4M15;Kapuvár 0406/10;;TVG2;5,38;67;0,09;0,1;5,841040323;76,46553103;118,88;186,29;677;76,6;492,7;9,36;9,23;29
50;Kapuvár;M3 + KFQF4M15;Kapuvár 0406/10;;TVG3;7,04;47;0,07;3,6564;5,160719487;91,44864183;149,67;492,479;1010;33,6;295,7;3,81;2,84;33
50;Kapuvár;M3 + KFQF4M15;Kapuvár 0406/10;;TVG4;5,31;62;0,14;0,1;5,199594963;86,17200672;187,55;246,31;879;70,1;440;8,85;9,83;26
50;Kapuvár;M3 + KFQF4M15;Kapuvár 0406/10;;TVG5;5,64;64;0,07;0,1;5,403691214;70,17600547;173,16;210,224;675;126,4;427,4;9,33;8,69;31
50;Kapuvár;M3 + KFQF4M15;Kapuvár 0406/10;;TVG6;7,16;43;0,05;5,9832;4,49011752;87,2040068;33,115;314,574;774;66,3;266,7;0,97;2,22;27
53;Nagycenk;C5 + KKX8WJ15;Nagycenk 07/11, 019/4;7,0329;TVG1;6,58;33;0,04;0,1;1,438392625;27,34800213;16,855;599,418;509;34,3;191,5;0,65;5,17;432
53;Nagycenk;C5 + KKX8WJ15;Nagycenk 07/11, 019/4;;TVG2;6,71;33;0,04;0,1;1,700802091;46,95600366;18,738;750,3;579;10,1;181,4;0,78;5,41;434
55;Nagycenk;C11 + KR1VWJ18;Nagycenk 066/4,11,14;22,51;TVG1;6,39;44;0,03;0,1;2,731002214;27,86400217;12,379;91,913;447;9,9;260,6;0,65;3,28;370
55;Nagycenk;C11 + KR1VWJ18;Nagycenk 066/4,11,14;;TVG2;6,63;44;0,02;0,1;2,935098465;48,50400378;12,039;43,503;435;9;263,4;0,65;3,26;377
55;Nagycenk;C11 + KR1VWJ18;Nagycenk 066/4,11,14;;TVG3;6,31;44;0,02;0,1;3,129475847;28,89600225;13,313;95,092;467;18,4;218,5;0,65;3,46;432
55;Nagycenk;C11 + KR1VWJ18;Nagycenk 066/4,11,14;;TVG4;6,39;43;0,03;0,1;2,536624833;30,44400237;21,636;95,806;535;9;247,9;0,65;3,33;383
55;Nagycenk;C11 + KR1VWJ18;Nagycenk 066/4,11,14;;TVG5;6,09;42;0,03;0,1;2,35196632;26,31600205;11,484;89,291;404;9;228,7;0,65;3,18;419
56;Nagycenk;C11 + KR32WR18;Nagycenk 066/4,11,14;25,1297;TVG1;6,65;42;0,05;0,1;1,856303996;27,86400217;20,655;72,715;385;9;231,4;0,65;3,8;363
56;Nagycenk;C11 + KR32WR18;Nagycenk 066/4,11,14;;TVG2;6,68;40;0,07;0,1;1,584175662;26,83200209;22,491;110,427;360;22,3;235,9;0,65;4,46;337
56;Nagycenk;C11 + KR32WR18;Nagycenk 066/4,11,14;;TVG3;6,86;41;0,02;0,1;1,477268102;27,86400217;16,657;86,248;377;27,3;235,4;0,65;3,86;290
56;Nagycenk;C11 + KR32WR18;Nagycenk 066/4,11,14;;TVG4;6,76;40;0,07;0,1;1,584175662;30,44400237;14,288;100,721;399;18,2;244,3;0,65;3,56;310
56;Nagycenk;C11 + KR32WR18;Nagycenk 066/4,11,14;;TVG5;5,88;41;0,05;0,1;1,555019054;18,06000141;8,542;190,851;382;18,1;267,4;0,65;4,16;429
56;Nagycenk;C11 + KR32WR18;Nagycenk 066/4,11,14;;TVG6;6,14;39;0,06;0,1;1,992368164;25,28400197;25,928;309,778;466;9;263,9;0,65;4,2;317
57;Nagycenk;C7-C4-C1 + KR48WW15;Nagycenk 044/2, 042, 027/2.;51,8;TVG1;5,77;37;0,02;0,1;1,963211556;23,73600185;25,405;136,591;226;13,7;165,9;0,65;1,84;310
57;Nagycenk;C7-C4-C1 + KR48WW15;Nagycenk 044/2, 042, 027/2.;;TVG2;5,51;39;0,02;0,1;1,982649294;31,9920025;36,64;158,856;285;9;137,7;0,65;1,63;307
57;Nagycenk;C7-C4-C1 + KR48WW15;Nagycenk 044/2, 042, 027/2.;;TVG3;5,96;38;0,02;0,1;2,060400247;26,31600205;15,618;202,21;288;9;134,3;0,65;2,81;259
57;Nagycenk;C7-C4-C1 + KR48WW15;Nagycenk 044/2, 042, 027/2.;;TVG4;6,28;38;0,02;0,1;2,410279534;44,8920035;11,681;214,043;259;9;136,1;0,65;3,9;315
57;Nagycenk;C7-C4-C1 + KR48WW15;Nagycenk 044/2, 042, 027/2.;;TVG5;4,2;33;0,02;0,1;1,632770007;22,70400177;30,89;118,611;291;9;101,1;0,65;1,97;374
57;Nagycenk;C7-C4-C1 + KR48WW15;Nagycenk 044/2, 042, 027/2.;;TVG6;4,66;35;0,02;0,1;2,24505876;19,60800153;13,168;118,25;265;9;172,8;0,65;2,29;433
57;Nagycenk;C7-C4-C1 + KR48WW15;Nagycenk 044/2, 042, 027/2.;;TVG7;4,78;38;0,02;0,1;2,799034298;23,73600185;8,61;116,364;278;9;151,5;0,65;2,34;411
57;Nagycenk;C7-C4-C1 + KR48WW15;Nagycenk 044/2, 042, 027/2.;;TVG8;5,22;36;0,02;0,3324;1,866022865;19,60800153;7,04;112,605;362;9;187,2;0,65;2,7;436
59;Nagycenk-P;C14 + KT7VWN15;Nagycenk-P 0174/4-Nc, Pereszteg 051;30,0049;TVG1;6,81;33;0,04;0,1;1,71052096;28,89600225;20,458;390,091;417;9;202,3;0,86;4,95;361
59;Nagycenk-P;C14 + KT7VWN15;Nagycenk-P 0174/4-Nc, Pereszteg 051;;TVG2;6,46;33;0,03;0,1;1,691083222;24,76800193;13,209;273,269;330;9;223,6;0,65;5,66;377
59;Nagycenk-P;C14 + KT7VWN15;Nagycenk-P 0174/4-Nc, Pereszteg 051;;TVG3;6,28;34;0,02;0,1;1,778553044;20,64000161;11,99;177,134;285;9;251,6;0,65;5,34;629
59;Nagycenk-P;C14 + KT7VWN15;Nagycenk-P 0174/4-Nc, Pereszteg 051;;TVG4;6,11;30;0,02;0,1;1,448111494;17,02800133;10,983;161,889;253;9;184,8;0,65;4,41;576
59;Nagycenk-P;C14 + KT7VWN15;Nagycenk-P 0174/4-Nc, Pereszteg 051;;TVG5;6,14;30;0,04;0,1;1,457830364;19,60800153;14,923;142,606;317;9;205,5;0,65;4,37;588
59;Nagycenk-P;C14 + KT7VWN15;Nagycenk-P 0174/4-Nc, Pereszteg 051;;TVG6;6,06;31;0,02;0,1;1,292609589;20,64000161;11,825;77,32;291;9;195,1;0,65;4,57;523
59;Nagycenk-P;C14 + KT7VWN15;Nagycenk-P 0174/4-Nc, Pereszteg 051;;TVG7;6,11;34;0,04;0,1;1,380079411;30,44400237;13,128;142,046;367;12,9;225,4;0,65;5,1;632
63;Kapuvár;M8 + K4KN4A15;Kapuvár ;0,5;TVG1;6,1;56;0,11;0,1;2,935098465;37,1520029;32,155;251,016;368;20,8;310,6;2,33;7,16;554
